message_id,content,length,has_url,report_count,label
MSG00000102,会议改到下午三点,8,0,0,white
MSG00000190,会议改到下午三点,8,0,0,white
MSG00000250,会议改到下午三点,8,0,0,white
MSG00000007,温馨提示,4,0,0,gray
MSG00000064,账号异常请立即验证,9,1,30,black
MSG00000129,谢谢你的帮助,6,0,0,white
MSG00000012,涉嫌洗钱请配合调查,9,0,16,black
MSG00000293,今天天气不错,6,0,0,white
MSG00000240,账号异常请立即验证,9,0,16,black
MSG00000180,涉嫌洗钱请配合调查,9,1,25,black
MSG00000150,谢谢你的帮助,6,0,0,white
MSG00000131,温馨提示,4,0,0,gray
MSG00000109,谢谢你的帮助,6,0,0,white
MSG00000051,温馨提示,4,0,0,gray
MSG00000039,系统通知,4,0,0,gray
MSG00000069,周末去公园,5,0,0,white
MSG00000147,信息更新,4,0,0,gray
MSG00000152,账号异常请立即验证,9,1,12,black
MSG00000127,信息更新,4,0,0,gray
MSG00000183,信息更新,4,0,0,gray
MSG00000025,谢谢你的帮助,6,0,0,white
MSG00000082,周末去公园,5,0,0,white
MSG00000133,谢谢你的帮助,6,0,0,white
MSG00000122,今天天气不错,6,0,0,white
MSG00000132,涉嫌违规转账处理,8,1,6,black
MSG00000072,涉嫌洗钱请配合调查,9,1,10,black
MSG00000103,信息更新,4,0,0,gray
MSG00000157,会议改到下午三点,8,0,0,white
MSG00000288,涉嫌洗钱请配合调查,9,1,30,black
MSG00000061,周末去公园,5,0,0,white
MSG00000067,请查看详情,5,0,0,gray
MSG00000230,周末去公园,5,0,0,white
MSG00000070,谢谢你的帮助,6,0,0,white
MSG00000298,今天天气不错,6,0,0,white
MSG00000008,点击这里领取奖金,8,0,16,black
MSG00000141,周末去公园,5,0,0,white
MSG00000000,账号异常请立即验证,9,0,14,black
MSG00000045,周末去公园,5,0,0,white
MSG00000242,谢谢你的帮助,6,0,0,white
MSG00000192,账号异常请立即验证,9,1,27,black
MSG00000194,谢谢你的帮助,6,0,0,white
MSG00000041,今天天气不错,6,0,0,white
MSG00000220,涉嫌违规转账处理,8,1,30,black
MSG00000193,谢谢你的帮助,6,0,0,white
MSG00000235,请查看详情,5,0,0,gray
MSG00000066,周末去公园,5,0,0,white
MSG00000111,系统通知,4,0,0,gray
MSG00000015,信息更新,4,0,0,gray
MSG00000059,信息更新,4,0,0,gray
MSG00000100,涉嫌违规转账处理,8,0,27,black
MSG00000207,系统通知,4,0,0,gray
MSG00000060,点击这里领取奖金,8,1,18,black
MSG00000243,系统通知,4,0,0,gray
MSG00000281,周末去公园,5,0,0,white
MSG00000201,周末去公园,5,0,0,white
MSG00000289,谢谢你的帮助,6,0,0,white
MSG00000056,涉嫌违规转账处理,8,0,9,black
MSG00000260,账号异常请立即验证,9,0,7,black
MSG00000088,涉嫌违规转账处理,8,0,27,black
MSG00000053,谢谢你的帮助,6,0,0,white
MSG00000290,周末去公园,5,0,0,white
MSG00000286,会议改到下午三点,8,0,0,white
MSG00000003,温馨提示,4,0,0,gray
MSG00000080,涉嫌洗钱请配合调查,9,0,18,black
MSG00000075,温馨提示,4,0,0,gray
MSG00000058,周末去公园,5,0,0,white
MSG00000292,账号异常请立即验证,9,1,19,black
MSG00000106,周末去公园,5,0,0,white
MSG00000005,今天天气不错,6,0,0,white
MSG00000274,谢谢你的帮助,6,0,0,white
MSG00000050,会议改到下午三点,8,0,0,white
MSG00000168,点击这里领取奖金,8,0,25,black
MSG00000033,会议改到下午三点,8,0,0,white
MSG00000214,周末去公园,5,0,0,white
MSG00000021,谢谢你的帮助,6,0,0,white
MSG00000291,系统通知,4,0,0,gray
MSG00000014,会议改到下午三点,8,0,0,white
MSG00000065,会议改到下午三点,8,0,0,white
MSG00000278,谢谢你的帮助,6,0,0,white
MSG00000213,周末去公园,5,0,0,white
MSG00000126,谢谢你的帮助,6,0,0,white
MSG00000139,系统通知,4,0,0,gray
MSG00000297,周末去公园,5,0,0,white
MSG00000119,温馨提示,4,0,0,gray
MSG00000130,今天天气不错,6,0,0,white
MSG00000165,会议改到下午三点,8,0,0,white
MSG00000001,今天天气不错,6,0,0,white
MSG00000215,系统通知,4,0,0,gray
MSG00000020,涉嫌违规转账处理,8,0,5,black
MSG00000137,会议改到下午三点,8,0,0,white
MSG00000023,信息更新,4,0,0,gray
MSG00000154,谢谢你的帮助,6,0,0,white
MSG00000099,温馨提示,4,0,0,gray
MSG00000169,会议改到下午三点,8,0,0,white
MSG00000019,系统通知,4,0,0,gray
MSG00000101,周末去公园,5,0,0,white
MSG00000199,系统通知,4,0,0,gray
MSG00000032,涉嫌违规转账处理,8,1,6,black
MSG00000253,会议改到下午三点,8,0,0,white
MSG00000143,请查看详情,5,0,0,gray
MSG00000206,周末去公园,5,0,0,white
MSG00000087,系统通知,4,0,0,gray
MSG00000258,会议改到下午三点,8,0,0,white
MSG00000074,今天天气不错,6,0,0,white
MSG00000124,点击这里领取奖金,8,0,27,black
MSG00000270,谢谢你的帮助,6,0,0,white
MSG00000170,今天天气不错,6,0,0,white
MSG00000145,今天天气不错,6,0,0,white
MSG00000063,温馨提示,4,0,0,gray
MSG00000271,信息更新,4,0,0,gray
MSG00000173,会议改到下午三点,8,0,0,white
MSG00000228,涉嫌洗钱请配合调查,9,1,7,black
MSG00000277,今天天气不错,6,0,0,white
MSG00000160,涉嫌洗钱请配合调查,9,0,14,black
MSG00000121,周末去公园,5,0,0,white
MSG00000187,请查看详情,5,0,0,gray
MSG00000279,温馨提示,4,0,0,gray
MSG00000182,今天天气不错,6,0,0,white
MSG00000085,周末去公园,5,0,0,white
MSG00000040,涉嫌洗钱请配合调查,9,1,11,black
MSG00000093,今天天气不错,6,0,0,white
MSG00000017,会议改到下午三点,8,0,0,white
MSG00000044,涉嫌洗钱请配合调查,9,0,5,black
MSG00000204,涉嫌违规转账处理,8,1,23,black
MSG00000179,请查看详情,5,0,0,gray
MSG00000107,系统通知,4,0,0,gray
MSG00000036,账号异常请立即验证,9,1,7,black
MSG00000054,今天天气不错,6,0,0,white
MSG00000256,账号异常请立即验证,9,0,29,black
MSG00000049,今天天气不错,6,0,0,white
MSG00000161,谢谢你的帮助,6,0,0,white
MSG00000153,谢谢你的帮助,6,0,0,white
MSG00000252,账号异常请立即验证,9,1,25,black
MSG00000006,今天天气不错,6,0,0,white
MSG00000299,温馨提示,4,0,0,gray
MSG00000282,周末去公园,5,0,0,white
MSG00000269,谢谢你的帮助,6,0,0,white
MSG00000078,周末去公园,5,0,0,white
MSG00000091,请查看详情,5,0,0,gray
MSG00000035,请查看详情,5,0,0,gray
MSG00000115,请查看详情,5,0,0,gray
MSG00000134,周末去公园,5,0,0,white
MSG00000090,今天天气不错,6,0,0,white
MSG00000155,信息更新,4,0,0,gray
MSG00000010,今天天气不错,6,0,0,white
MSG00000038,谢谢你的帮助,6,0,0,white
MSG00000176,点击这里领取奖金,8,1,10,black
MSG00000276,涉嫌洗钱请配合调查,9,1,5,black
MSG00000164,账号异常请立即验证,9,1,10,black
MSG00000167,请查看详情,5,0,0,gray
MSG00000108,涉嫌洗钱请配合调查,9,1,29,black
MSG00000034,今天天气不错,6,0,0,white
MSG00000158,谢谢你的帮助,6,0,0,white
MSG00000120,账号异常请立即验证,9,0,22,black
MSG00000083,温馨提示,4,0,0,gray
MSG00000185,会议改到下午三点,8,0,0,white
MSG00000205,周末去公园,5,0,0,white
MSG00000189,今天天气不错,6,0,0,white
MSG00000057,谢谢你的帮助,6,0,0,white
MSG00000181,周末去公园,5,0,0,white
MSG00000254,周末去公园,5,0,0,white
MSG00000294,周末去公园,5,0,0,white
MSG00000077,今天天气不错,6,0,0,white
MSG00000283,系统通知,4,0,0,gray
MSG00000163,信息更新,4,0,0,gray
MSG00000068,涉嫌违规转账处理,8,1,14,black
MSG00000272,账号异常请立即验证,9,1,15,black
MSG00000004,涉嫌洗钱请配合调查,9,1,19,black
MSG00000144,涉嫌洗钱请配合调查,9,1,22,black
MSG00000105,今天天气不错,6,0,0,white
MSG00000225,今天天气不错,6,0,0,white
MSG00000175,系统通知,4,0,0,gray
MSG00000148,点击这里领取奖金,8,1,17,black
MSG00000266,周末去公园,5,0,0,white
MSG00000026,周末去公园,5,0,0,white
MSG00000094,今天天气不错,6,0,0,white
MSG00000267,请查看详情,5,0,0,gray
MSG00000135,请查看详情,5,0,0,gray
MSG00000197,会议改到下午三点,8,0,0,white
MSG00000264,涉嫌违规转账处理,8,1,27,black
MSG00000062,周末去公园,5,0,0,white
MSG00000022,会议改到下午三点,8,0,0,white
MSG00000055,温馨提示,4,0,0,gray
MSG00000046,周末去公园,5,0,0,white
MSG00000261,周末去公园,5,0,0,white
MSG00000245,会议改到下午三点,8,0,0,white
MSG00000138,会议改到下午三点,8,0,0,white
MSG00000162,今天天气不错,6,0,0,white
MSG00000232,涉嫌洗钱请配合调查,9,0,22,black
MSG00000227,系统通知,4,0,0,gray
MSG00000246,周末去公园,5,0,0,white
MSG00000048,涉嫌洗钱请配合调查,9,1,15,black
MSG00000262,谢谢你的帮助,6,0,0,white
MSG00000198,今天天气不错,6,0,0,white
MSG00000184,涉嫌洗钱请配合调查,9,0,7,black
MSG00000128,涉嫌违规转账处理,8,1,22,black
MSG00000071,信息更新,4,0,0,gray
MSG00000024,点击这里领取奖金,8,1,14,black
MSG00000096,点击这里领取奖金,8,1,24,black
MSG00000116,点击这里领取奖金,8,1,7,black
MSG00000247,温馨提示,4,0,0,gray
MSG00000037,会议改到下午三点,8,0,0,white
MSG00000284,点击这里领取奖金,8,1,7,black
MSG00000244,点击这里领取奖金,8,0,15,black
MSG00000226,谢谢你的帮助,6,0,0,white
MSG00000114,周末去公园,5,0,0,white
MSG00000095,系统通知,4,0,0,gray
MSG00000142,今天天气不错,6,0,0,white
MSG00000268,涉嫌洗钱请配合调查,9,0,25,black
MSG00000079,请查看详情,5,0,0,gray
MSG00000203,系统通知,4,0,0,gray
MSG00000295,系统通知,4,0,0,gray
MSG00000030,周末去公园,5,0,0,white
MSG00000255,温馨提示,4,0,0,gray
MSG00000104,点击这里领取奖金,8,1,9,black
MSG00000259,温馨提示,4,0,0,gray
MSG00000234,周末去公园,5,0,0,white
MSG00000027,温馨提示,4,0,0,gray
MSG00000188,涉嫌洗钱请配合调查,9,1,16,black
MSG00000241,谢谢你的帮助,6,0,0,white
MSG00000212,点击这里领取奖金,8,0,16,black
MSG00000219,信息更新,4,0,0,gray
MSG00000223,温馨提示,4,0,0,gray
MSG00000016,账号异常请立即验证,9,1,12,black
MSG00000178,今天天气不错,6,0,0,white
MSG00000257,会议改到下午三点,8,0,0,white
MSG00000118,会议改到下午三点,8,0,0,white
MSG00000233,谢谢你的帮助,6,0,0,white
MSG00000125,周末去公园,5,0,0,white
MSG00000013,周末去公园,5,0,0,white
MSG00000009,会议改到下午三点,8,0,0,white
MSG00000052,涉嫌违规转账处理,8,1,6,black
MSG00000195,系统通知,4,0,0,gray
MSG00000196,点击这里领取奖金,8,1,16,black
MSG00000086,今天天气不错,6,0,0,white
MSG00000218,谢谢你的帮助,6,0,0,white
MSG00000011,请查看详情,5,0,0,gray
MSG00000166,今天天气不错,6,0,0,white
MSG00000285,今天天气不错,6,0,0,white
MSG00000002,谢谢你的帮助,6,0,0,white
MSG00000210,周末去公园,5,0,0,white
MSG00000263,请查看详情,5,0,0,gray
MSG00000174,会议改到下午三点,8,0,0,white
MSG00000265,会议改到下午三点,8,0,0,white
MSG00000229,谢谢你的帮助,6,0,0,white
MSG00000172,涉嫌违规转账处理,8,1,15,black
MSG00000047,温馨提示,4,0,0,gray
MSG00000191,请查看详情,5,0,0,gray
MSG00000117,周末去公园,5,0,0,white
MSG00000018,会议改到下午三点,8,0,0,white
MSG00000113,会议改到下午三点,8,0,0,white
MSG00000092,账号异常请立即验证,9,1,27,black
MSG00000249,今天天气不错,6,0,0,white
MSG00000028,点击这里领取奖金,8,1,19,black
MSG00000222,会议改到下午三点,8,0,0,white
MSG00000076,涉嫌洗钱请配合调查,9,1,23,black
MSG00000089,周末去公园,5,0,0,white
MSG00000202,会议改到下午三点,8,0,0,white
MSG00000149,周末去公园,5,0,0,white
MSG00000209,会议改到下午三点,8,0,0,white
MSG00000110,谢谢你的帮助,6,0,0,white
MSG00000211,系统通知,4,0,0,gray
MSG00000042,周末去公园,5,0,0,white
MSG00000159,信息更新,4,0,0,gray
MSG00000239,温馨提示,4,0,0,gray
MSG00000237,会议改到下午三点,8,0,0,white
MSG00000273,今天天气不错,6,0,0,white
MSG00000146,会议改到下午三点,8,0,0,white
MSG00000031,请查看详情,5,0,0,gray
MSG00000251,请查看详情,5,0,0,gray
MSG00000043,请查看详情,5,0,0,gray
MSG00000151,系统通知,4,0,0,gray
MSG00000136,涉嫌违规转账处理,8,1,11,black
MSG00000084,涉嫌违规转账处理,8,1,26,black
MSG00000208,涉嫌洗钱请配合调查,9,1,14,black
MSG00000081,谢谢你的帮助,6,0,0,white
MSG00000236,涉嫌违规转账处理,8,0,27,black
MSG00000097,会议改到下午三点,8,0,0,white
MSG00000177,周末去公园,5,0,0,white
MSG00000186,会议改到下午三点,8,0,0,white
MSG00000231,信息更新,4,0,0,gray
MSG00000200,涉嫌洗钱请配合调查,9,1,24,black
MSG00000238,今天天气不错,6,0,0,white
MSG00000296,涉嫌违规转账处理,8,1,14,black
MSG00000112,账号异常请立即验证,9,1,6,black
MSG00000140,涉嫌洗钱请配合调查,9,0,10,black
MSG00000171,请查看详情,5,0,0,gray
MSG00000123,信息更新,4,0,0,gray
MSG00000217,会议改到下午三点,8,0,0,white
MSG00000098,周末去公园,5,0,0,white
MSG00000248,涉嫌违规转账处理,8,1,10,black
MSG00000275,请查看详情,5,0,0,gray
MSG00000216,账号异常请立即验证,9,1,28,black
MSG00000280,账号异常请立即验证,9,1,22,black
MSG00000073,谢谢你的帮助,6,0,0,white
MSG00000221,谢谢你的帮助,6,0,0,white
MSG00000156,涉嫌洗钱请配合调查,9,1,27,black
MSG00000029,今天天气不错,6,0,0,white
MSG00000287,温馨提示,4,0,0,gray
MSG00000224,涉嫌违规转账处理,8,1,14,black
