account,id_card,phone,bank_card,amount,label
0445086247,465135198405185718,13372580310,6214749636682399178,8283,white
5135737732,453976198009253178,13906791432,6234478609783146502,7968,white
2836111962,169878198601129108,13371217795,6253156842072103449,3573,white
0952029742,485456197705154153,13881354613,6215040408058873221,2767,white
5488563860,348634198209113316,18607070058,6209049085112602452,8910,white
2818032611,600686200201243475,13964364487,6286627918049484899,522,white
1335425209,11195419971024954X,13838488136,6231619561355817813,8533,white
6907448845,454066197512232101,13960729070,6276336223097771209,6164,white
0686251615,368866200012119124,15093785348,6222460762829719196,2877,white
8698394575,637661197106247941,18638302742,6296010333694589254,5776,white
2237370216,454877198004035412,15065008432,6224523526994993038,7425,white
0178206192,318469198506200453,13801942672,6202499819961621942,3308,white
6550832803,634903199511148451,13867241351,6242158016732364095,7625,white
4247963484,612505196606215522,13346522415,6201247197353935930,4433,white
9604369421,615262197409080840,15082467417,6230257539574116475,5523,white
2060916768,471719199705056533,13374941473,6237920050971374721,1778,white
8692297624,188116199201033312,13389004179,6259655507274731358,6980,white
0029333281,200327196902073882,18698261133,6277601846342833570,4885,white
0545576288,287013198711244790,13805857157,6230956892358111865,1399,white
6469487913,268693198807075013,19985172871,6299771894187556789,4567,white
9076641697,628768197701055953,15028055571,6286071677029592875,1650,white
7160356711,459374198110210362,15031850163,6247312382538070565,6329,white
1794326132,445589199505271350,13326114551,6276173897764816339,852,white
4330458925,13563019731213307X,18660892813,6206089442261758894,1488,white
3517922666,563263197308153097,15099574304,6223166988360836192,4825,white
5260991585,226227197901284700,13916678428,6265815227371994926,7341,white
2233647497,125520199610129495,13382683744,6281913467331817253,8326,white
5106067465,348048198305264301,18660248437,6247522584148097587,4942,white
2877853863,167628198102250837,19966987612,6271340794487541727,6342,white
0967935545,317205200106185243,13334409561,6237721282338081776,7654,white
