account,id_card,phone,bank_card,account_age_days,login_count_30d,failed_login_count_30d,device_count_30d,txn_count_30d,txn_amount_mean,txn_amount_max,txn_amount_std,night_txn_ratio,cross_region_ratio,new_device_ratio,chargeback_count,device_type,region,carrier,occupation,label
1060388119,530469199207281563,13859016020,6250883538886784347,48,12,33,5,80,60433,5784694,27605,0.642,0.652,0.511,3,windows,深圳,联通,自由职业,black
1514414169,422378198311203254,13916041046,6210522756961329620,62,26,34,9,33,52327,250098,72061,0.573,0.718,0.842,2,web,成都,移动,自由职业,black
1605773703,235051198712225522,15055951993,6230507672236423953,32,9,27,15,26,85851,807723,66679,0.788,0.888,0.753,2,windows,杭州,联通,务农,black
5516925684,307653198302158946,13993893457,6268825267504969828,561,180,2,1,13,5813,16254,2197,0.084,0.228,0.137,0,ios,上海,电信,个体经营,white
4725820660,549560199804286963,15083415055,6257325668835771887,2195,57,2,3,8,6263,30812,1514,0.057,0.245,0.212,0,ios,西安,移动,自由职业,white
3027537373,294250198509247055,13301007301,6234098326815701617,59,15,10,15,53,119774,674037,35261,0.697,0.609,0.829,7,windows,武汉,移动,企业职员,black
9070152760,587151199511045338,13320693088,6225060912819825849,63,20,18,15,40,81241,226770,29915,0.514,0.566,0.694,4,windows,深圳,移动,个体经营,black
5384731698,540305199003144419,15091371359,6226581763088837391,1090,113,0,1,8,5494,6880128,1806,0.06,0.171,0.233,0,ios,深圳,联通,自由职业,white
9189892715,580605198008011428,18671356389,6267710805737706834,1336,83,1,3,7,2993,34907,2363,0.072,0.077,0.133,0,android,深圳,移动,个体经营,white
1901709579,509214197507169247,13936436158,6229186927889817106,78,17,26,9,58,32612,765436,51846,0.463,0.319,0.826,5,web,深圳,电信,务农,black
2203153198,521928196502155169,15083093830,6246348419957374048,2283,132,2,3,3,557,16945,2314,0.002,0.181,0.294,0,ios,上海,联通,务农,white
5944512350,391541196602066692,18680627235,6208625035582358267,52,10,40,8,32,96063,730222,30640,0.788,0.576,0.699,1,web,西安,联通,自由职业,black
0691442680,54111619720623509X,15030358465,6282339889972231467,2371,142,2,3,18,7946,15913,864,0.144,0.092,0.238,0,harmony,深圳,移动,务农,white
8962232293,450950197208018284,13351535619,6261591125390135779,154,27,4,2,24,36731,159719,20055,0.3,0.27,0.517,0,android,杭州,联通,务农,gray
1904464164,16631419700308241X,13984951125,6287706434041621835,271,26,4,3,13,21653,4575363,17716,0.188,0.435,0.428,0,harmony,成都,联通,自由职业,gray
0056717602,163045200201274254,13973640936,6259226670905610821,149,49,8,4,30,20895,70886,20890,0.41,0.254,0.23,2,ios,杭州,联通,学生,gray
6132298650,326823199202289497,13349926928,6279612238312880410,110,29,6,2,19,22179,140673,7837,0.382,0.446,0.267,2,ios,北京,电信,企业职员,gray
6354276750,643512197203247933,13365012608,6206720494819667843,37,17,36,8,25,61968,890247,53926,0.653,0.47,0.781,3,windows,武汉,移动,自由职业,black
7757278975,343043198803213893,13982460034,6275498065215518496,2895,102,2,3,7,4206,12395,1121,0.113,0.182,0.082,0,harmony,深圳,移动,学生,white
4866732847,43704019771125634X,13902583824,6240299256040389233,2754,146,2,1,17,8590,22293,329,0.116,0.136,0.278,0,ios,广州,联通,个体经营,white
2336588316,379055197710067295,19932597811,6262580005742981858,2094,156,0,2,14,6113,3896,1997,0.155,0.153,0.014,0,android,西安,联通,学生,white
9375637432,363987199705116653,15014832573,6247634271985689076,34,13,33,13,66,78542,5010668,83914,0.727,0.417,0.602,2,web,广州,联通,学生,black
3373012596,363232198604092409,13957128957,6215300294676452387,54,5,11,9,22,92638,479141,30533,0.382,0.682,0.575,5,windows,成都,联通,自由职业,black
7489961562,623445197906027368,18659399720,6227789250539083812,307,34,5,4,26,16668,242914,17486,0.434,0.107,0.332,0,android,西安,电信,自由职业,gray
3001174079,45964019770623805X,13839982010,6216031002522188605,1969,123,0,2,15,1934,4778,2414,0.198,0.083,0.208,0,android,杭州,联通,企业职员,white
5470581328,111692197201165472,13940253093,6258825777066331767,46,22,14,15,43,117030,294179,83911,0.47,0.308,0.861,2,windows,成都,移动,退休,black
2702340902,471656199607073938,15020812722,6210674481761586992,49,8,28,10,73,80237,235031,34552,0.463,0.593,0.716,5,windows,上海,联通,学生,black
0757695739,653459200204166826,19983169695,6255956110466055530,11,30,25,4,42,72959,512741,73254,0.796,0.871,0.531,8,web,广州,联通,退休,black
7146412011,285003200403284511,13957762744,6236472446408046665,15,9,30,8,66,76805,2740206,53162,0.763,0.559,0.448,7,windows,武汉,电信,退休,black
6154225493,576015196611121429,13397826429,6245158953469502955,145,56,2,3,11,36955,165478,22702,0.183,0.359,0.434,2,ios,广州,移动,退休,gray
9807215090,392705199002248225,18690026678,6253184601641584587,1140,162,0,3,3,8050,25954,3087,0.072,0.159,0.011,0,harmony,成都,移动,自由职业,white
7240606969,603632198912251795,18657199046,6206132246795162632,30,21,35,5,47,69376,318300,59151,0.38,0.441,0.726,5,web,西安,联通,自由职业,black
5575247859,525295200103129397,19926243699,6252546374446743386,306,39,5,6,24,38195,215601,10506,0.151,0.102,0.45,0,harmony,广州,移动,企业职员,gray
6018110821,360868197807285395,18690642695,6287868901175743933,3930,43,2,1,8,6486,19709,2476,0.038,0.06,0.205,0,ios,上海,移动,退休,white
0941388146,256279199007284609,13330183912,6286071271525981999,148,50,4,2,26,39779,165571,16284,0.302,0.267,0.363,0,ios,杭州,联通,企业职员,gray
8483213292,498531199507258259,15079319778,6259574554223553036,129,11,2,5,20,20792,6374308,23093,0.297,0.286,0.18,1,android,广州,移动,个体经营,gray
5726199876,281326199803055850,13336958910,6213543782861458705,1714,52,2,3,3,3396,39573,1502,0.13,0.109,0.065,0,android,上海,联通,退休,white
7431373264,246280199709037030,13930110633,6226944196045178404,3486,52,1,2,3,1161,34080,1985,0.134,0.177,0.128,0,ios,广州,电信,退休,white
8213870587,553263199312140426,19924247282,6285037286766173503,84,22,6,7,59,55521,257495,27872,0.777,0.858,0.403,1,web,杭州,联通,自由职业,black
6818980288,390868199412211842,13919521956,6230993188186801317,127,43,7,5,21,27842,178912,9564,0.227,0.389,0.282,2,ios,西安,移动,企业职员,gray
4852096840,355006198403171003,13841942233,6267704539475249525,2020,145,0,1,12,8400,36702,2452,0.194,0.18,0.066,0,harmony,武汉,联通,企业职员,white
3706550925,350888197705224775,13303600359,6248511662619976328,1,10,3,6,36,67123,756602,50120,0.538,0.586,0.401,8,windows,深圳,联通,自由职业,black
6110271811,38758519960612482X,13993601922,6245664911246128518,2960,194,2,3,11,524,3272152,2504,0.125,0.022,0.077,0,android,成都,电信,自由职业,white
7089970054,280439199809026460,19924778050,6280033439183208695,23,13,28,11,75,109701,636954,42820,0.365,0.866,0.746,7,web,上海,移动,个体经营,black
0363271372,208957199501134577,18659473789,6260569698582802644,149,17,6,3,30,26236,170284,7049,0.355,0.389,0.285,0,ios,成都,联通,务农,gray
1698906459,310714200006080876,18616667789,6256345226900756415,311,49,7,3,11,26849,244494,14106,0.322,0.44,0.472,2,harmony,北京,移动,自由职业,gray
7475883034,395831196511170140,18612891545,6220064336678474192,81,20,10,14,53,117640,592919,57519,0.696,0.593,0.6,4,windows,武汉,联通,个体经营,black
7319234756,519575197407222423,13815025618,6225303378414600669,1276,132,0,2,12,2195,7284,3767,0.073,0.09,0.286,0,android,杭州,移动,企业职员,white
9714124163,111064198007143355,18691302409,6243877602547184021,65,30,21,11,23,110865,450857,67447,0.37,0.699,0.882,7,windows,广州,移动,自由职业,black
3126771854,59690819861122396X,15038095279,6230416645525746498,127,50,4,4,19,21577,5798768,24466,0.175,0.344,0.182,1,android,上海,移动,退休,gray
6051809396,110965198603210616,13356721906,6208570348837843156,2879,109,0,2,15,5628,14602,1333,0.173,0.197,0.018,0,ios,西安,联通,学生,white
6368027232,61468919791221220X,13386332835,6299215781903321625,66,13,16,13,84,90074,652865,67840,0.701,0.716,0.736,8,windows,深圳,电信,自由职业,black
1816934713,409315196603267379,19903556200,6244859198883036461,324,31,5,2,16,41750,202686,13342,0.183,0.454,0.329,0,ios,北京,联通,务农,gray
7989807841,492493199707114681,13395413373,6226338503179722681,44,38,1,4,17,8560,235941,14934,0.291,0.127,0.273,2,harmony,武汉,电信,学生,gray
9567492874,576928199303015479,13869679877,6279251783768271875,2344,196,0,2,7,4772,32779,983,0.018,0.235,0.269,0,android,成都,电信,企业职员,white
9528919542,202816199609042047,13842046799,6282956119925212352,23,6,12,11,58,74550,742584,49069,0.396,0.405,0.775,3,web,北京,移动,个体经营,black
2836496962,319812199105198214,13959454472,6272756805508610910,2467,127,0,1,3,2704,5010288,3588,0.141,0.035,0.085,0,ios,上海,移动,退休,white
6381223374,208249198109154826,13324069239,6244187776674735200,7,5,37,11,41,35741,473578,84362,0.478,0.355,0.755,6,web,成都,移动,务农,black
7038507209,485033197105195835,18626602332,6265889411192977631,227,57,8,2,8,11826,94396,21295,0.209,0.162,0.423,2,android,深圳,电信,务农,gray
9622707841,180115197609011841,18646548395,6207561985837148243,16,22,4,11,78,73172,443609,87085,0.762,0.311,0.534,1,web,杭州,电信,企业职员,black
6651268262,548137196504143359,18657183704,6271550642669770768,25,26,3,13,45,42635,597734,57575,0.44,0.688,0.75,2,web,杭州,电信,个体经营,black
5756851270,544415199812174400,13821716470,6273334422908661361,88,21,27,12,84,46801,683745,55307,0.695,0.886,0.711,6,windows,成都,电信,自由职业,black
0543835865,623830198707274857,13345679340,6277293020006272785,79,7,12,4,72,119646,877986,64198,0.39,0.439,0.409,6,web,广州,联通,学生,black
3631670927,282711197310105434,13850560344,6241159186553092085,67,11,21,6,67,73498,6150875,52183,0.62,0.597,0.826,8,web,杭州,移动,务农,black
8930113384,578375199406030460,13347830169,6231079546534720761,294,35,8,5,11,23855,106836,7712,0.272,0.455,0.164,2,harmony,上海,移动,个体经营,gray
3557459142,606210196505149946,13388693974,6283953922041006179,206,56,6,4,12,14643,74896,11917,0.431,0.336,0.356,0,ios,成都,电信,学生,gray
4848791009,161424198209139827,19938012208,6268412483270139691,31,26,9,8,25,31375,852713,39917,0.565,0.305,0.75,4,web,广州,移动,学生,black
7130512544,338322200001101150,15042077877,6299136521047254430,11,16,11,10,32,111802,785373,25660,0.548,0.461,0.891,6,web,北京,移动,务农,black
0602350616,390547199511148301,19962021587,6265854330412401235,27,30,13,12,21,62963,329872,30940,0.534,0.514,0.578,5,web,北京,电信,务农,black
9491181267,286935197808112515,19966143120,6249589092457749009,1346,142,0,2,15,5230,34537,3160,0.126,0.132,0.112,0,ios,西安,电信,学生,white
1148984358,373358198909107177,18681831340,6258775066837733366,2423,178,1,3,12,3334,4114826,471,0.087,0.086,0.158,0,harmony,北京,电信,学生,white
6672498726,299627198904170286,19943868026,6250303583783097695,41,8,15,6,37,52207,636752,49912,0.504,0.332,0.599,7,windows,北京,联通,企业职员,black
1279300977,281753198004142197,18663280456,6295502307122772794,26,15,10,10,52,68185,370542,40841,0.43,0.477,0.795,4,web,北京,联通,企业职员,black
3402071665,247343196511159572,19966052840,6248372383991598566,8,27,12,4,82,112966,320379,73781,0.415,0.884,0.69,6,web,广州,移动,自由职业,black
0659396641,110487198007184924,19975723325,6276439611259974759,35,19,29,9,23,38710,257843,43292,0.656,0.752,0.454,7,windows,西安,移动,退休,black
1969905946,576645196508012711,19977815026,6264266686082169691,195,30,2,6,8,26198,67637,15607,0.378,0.279,0.276,0,android,成都,电信,个体经营,gray
1757132805,452178199411207817,18640019938,6280578001537296146,872,180,0,1,2,7240,11595,3492,0.105,0.245,0.104,0,ios,深圳,电信,退休,white
4560447459,372774200304027090,18648324206,6227334147069249746,117,37,7,4,8,27492,4388649,16435,0.289,0.456,0.447,1,harmony,北京,移动,个体经营,gray
9938583784,29039019781014741X,15084276732,6215987136197238159,5,28,25,4,62,66467,810828,24755,0.681,0.398,0.789,1,web,杭州,联通,个体经营,black
6747242375,579936200202163457,18678944319,6234824434629858659,3317,100,0,2,16,3041,23621,1885,0.171,0.13,0.137,0,harmony,西安,移动,退休,white
