transaction_id,card_hash,amount,channel,velocity_1h,distinct_countries,label
TX00000032,113545233473,5877,app,2,2,gray
TX00000394,831743557574,4992,web,2,2,white
TX00000335,309853050573,7058,app,5,1,gray
TX00000496,934628043522,1546,atm,2,1,white
TX00000441,255917650535,63602,atm,8,9,black
TX00000329,224508881886,5999,web,2,2,gray
TX00000043,037453440586,1740,pos,1,2,white
TX00000389,463427424424,5388,pos,3,1,gray
TX00000455,445711206639,1137,web,5,2,gray
TX00000450,327724767517,249883,app,17,7,black
TX00000473,399352154054,2875,atm,5,2,gray
TX00000105,439319670055,310758,pos,16,7,black
TX00000024,758511026077,471200,app,36,5,black
TX00000338,329806868709,1068,web,2,2,gray
TX00000039,665739641072,128864,pos,14,4,black
TX00000395,778894167109,2488,app,4,1,gray
TX00000179,876852442873,472,app,2,1,gray
TX00000131,050092733326,3777,pos,5,1,gray
TX00000366,450225518739,328495,app,32,5,black
TX00000463,862400929482,637,web,2,2,white
TX00000399,149768266841,323730,app,22,8,black
TX00000464,265419496605,2898,app,4,2,gray
TX00000141,693677914332,222184,atm,20,7,black
TX00000459,175714557608,352632,web,33,9,black
TX00000086,873655136938,4043,pos,3,1,gray
TX00000236,948094012093,5824,atm,2,1,gray
TX00000427,389634851636,7389,pos,3,1,white
TX00000036,779432940871,380249,app,33,7,black
TX00000009,852298396481,369343,app,26,8,black
TX00000006,049279239744,498919,pos,37,8,black
TX00000150,115270567689,72802,web,31,4,black
TX00000038,305639719092,146,app,1,2,gray
TX00000396,733379554979,480496,app,17,6,black
TX00000306,379418624448,394660,atm,11,8,black
TX00000390,955253930921,31552,pos,26,8,black
TX00000168,851831061909,228572,web,19,5,black
TX00000243,321768435797,232025,app,27,3,black
TX00000180,153545755516,464564,app,38,9,black
TX00000365,963891311611,3562,app,2,2,gray
TX00000080,232994108227,1673,pos,3,1,gray
TX00000431,918695333449,3768,pos,1,1,gray
TX00000248,274037320923,6683,atm,3,1,gray
TX00000074,577130677159,2619,pos,5,1,gray
TX00000332,917625590060,4451,atm,1,2,gray
TX00000140,161618546455,4879,atm,3,1,gray
TX00000486,936532750583,452831,pos,9,8,black
TX00000228,099958019437,162154,pos,9,6,black
TX00000142,803648320057,5137,pos,2,2,white
TX00000199,938854890911,3948,web,1,2,white
TX00000119,917749716189,4097,web,1,2,gray
TX00000019,671601951442,6111,pos,1,1,white
TX00000407,010556205380,4550,atm,4,1,gray
TX00000481,606562186394,3779,app,1,2,white
TX00000268,518879539471,6274,app,2,1,white
TX00000198,172377812168,400243,atm,13,7,black
TX00000318,026991766191,193266,atm,25,9,black
TX00000132,399058129248,156761,pos,18,4,black
TX00000297,356209902233,102367,web,38,7,black
TX00000333,742673517477,234039,app,9,9,black
TX00000117,285543501336,242498,pos,8,3,black
TX00000165,545559656083,55972,atm,10,9,black
TX00000294,847473796180,302358,pos,34,6,black
TX00000056,644842633014,572,web,3,1,gray
TX00000359,296385983930,4746,app,3,2,gray
TX00000146,966881086785,4972,atm,3,2,gray
TX00000027,589082130079,88271,atm,33,5,black
TX00000295,144200782002,1371,atm,3,1,white
TX00000376,968432260411,2664,app,4,1,white
TX00000231,930208207393,366273,app,30,3,black
TX00000352,711115950126,6415,web,4,2,white
TX00000054,620227873341,278898,atm,18,7,black
TX00000288,441021898312,412224,web,29,6,black
TX00000430,305422063711,4124,pos,4,2,white
TX00000016,189768463834,7403,pos,1,1,white
TX00000466,716835580741,3396,app,3,2,white
TX00000018,897955643419,481910,pos,39,3,black
TX00000363,016075425672,395126,app,9,5,black
TX00000445,402053132467,2876,app,4,2,white
TX00000055,966374033474,610,web,2,2,white
TX00000344,063819307265,1343,atm,4,1,gray
TX00000052,855088798544,5874,atm,1,2,white
TX00000480,680418475245,38033,web,34,9,black
TX00000196,223724222304,6272,pos,5,1,white
TX00000317,224179362214,4065,app,3,2,gray
TX00000458,120157131535,3676,pos,3,2,gray
TX00000145,418859083827,2942,pos,3,1,white
TX00000362,370449969814,5725,pos,2,1,gray
TX00000013,675851299577,5362,atm,2,2,white
TX00000439,835243640559,6665,pos,3,1,white
TX00000202,323931482564,1626,app,3,1,white
TX00000253,650363284836,6437,pos,3,2,white
TX00000387,165784702681,337901,pos,32,4,black
TX00000378,800276508900,201762,web,39,9,black
TX00000382,256906050712,6456,app,3,2,white
TX00000015,404318437241,192655,app,8,8,black
TX00000020,916140309437,2636,app,5,2,gray
TX00000319,803880918362,6842,atm,5,2,white
TX00000438,996943654692,45296,pos,28,5,black
TX00000210,827689918724,458965,web,11,9,black
TX00000307,960605008380,6845,pos,4,1,white
TX00000190,626530609589,3640,app,1,1,white
TX00000457,024849415345,5915,atm,5,2,white
TX00000323,727678147994,6761,web,3,1,gray
TX00000264,834734704139,24273,web,36,5,black
TX00000393,622156995460,346979,web,39,4,black
TX00000035,381378885269,2616,atm,2,2,gray
TX00000224,467659334966,2481,atm,5,2,gray
TX00000469,438928127513,294,atm,5,2,white
TX00000265,044496449921,649,atm,2,1,white
TX00000400,510898407255,2505,atm,1,1,white
TX00000088,726203772494,1037,pos,1,1,white
TX00000051,637074499088,425418,app,20,9,black
TX00000201,956919206384,189130,atm,37,8,black
TX00000483,176681054660,252164,pos,30,3,black
TX00000040,513160111365,6419,web,4,1,white
TX00000303,817888877142,263102,atm,16,9,black
TX00000388,324163730824,3604,app,4,2,white
TX00000310,968313767282,4957,pos,5,1,white
TX00000285,999709891262,464247,atm,34,3,black
TX00000214,590457173421,6272,web,2,1,white
TX00000276,468163021263,279083,pos,23,8,black
TX00000244,301801638013,1413,atm,3,2,white
TX00000485,336106669063,2129,web,5,2,gray
TX00000465,318523882815,370781,web,37,6,black
TX00000125,189538120338,5695,web,1,1,gray
TX00000488,453356087108,7279,atm,5,2,gray
TX00000116,342041277865,208,atm,2,1,gray
TX00000112,777743051538,6822,atm,1,1,white
TX00000041,646655997196,2122,atm,4,1,gray
TX00000085,357228082263,1775,atm,2,2,white
TX00000232,912998746949,936,app,2,2,white
TX00000170,498214972134,5661,atm,3,1,gray
TX00000113,633958090180,3159,app,3,1,gray
TX00000328,314411135000,3737,app,4,1,white
TX00000185,931452310132,4574,app,2,2,gray
TX00000412,381352677596,2154,pos,1,1,white
TX00000197,251851627592,3327,pos,3,2,gray
TX00000273,421351738372,226965,app,19,7,black
TX00000044,044729570660,5043,web,1,1,gray
TX00000315,233819373676,150651,atm,27,3,black
TX00000181,627721948436,6581,atm,2,1,white
TX00000309,481589539827,241991,atm,40,8,black
TX00000385,682363808092,1294,web,3,2,white
TX00000081,458046886773,335033,pos,8,6,black
TX00000176,507144943502,1866,app,4,2,gray
TX00000126,031129984924,420851,app,20,4,black
TX00000012,621385568236,421978,pos,11,4,black
TX00000300,766305815754,382624,web,18,5,black
TX00000122,505115467775,2365,web,2,1,gray
TX00000442,397906656645,5744,pos,5,2,white
TX00000241,307575122301,4351,web,2,2,white
TX00000451,230334839893,6197,web,4,1,white
TX00000275,167719854437,7287,app,4,1,gray
TX00000171,085423208827,252079,atm,8,6,black
TX00000057,195256813995,26867,app,31,6,black
TX00000048,365190456280,316982,app,24,4,black
TX00000446,338706910813,6788,atm,1,2,gray
TX00000348,550392574547,187625,web,30,8,black
TX00000322,813592208269,3657,atm,2,2,white
TX00000246,361213444942,385918,atm,32,9,black
TX00000029,975857448204,790,app,5,2,gray
TX00000361,695755175848,2881,atm,3,1,white
TX00000134,840044255349,7844,web,2,1,gray
TX00000357,705865540700,240611,pos,22,5,black
TX00000238,385556203754,7180,atm,1,1,white
TX00000478,688362460324,3294,app,5,1,white
TX00000283,177836306777,3416,pos,3,1,white
TX00000188,640980313988,5816,atm,2,1,gray
TX00000017,599309461830,5983,pos,3,1,gray
TX00000144,496308855984,435110,atm,15,4,black
TX00000269,078151459537,592,atm,3,2,gray
TX00000071,500811619189,7914,web,5,1,gray
TX00000250,033945630817,1445,web,2,1,white
TX00000059,040744255943,4132,atm,2,2,gray
TX00000428,860596347119,2086,web,4,1,gray
TX00000470,185130193248,6006,pos,1,2,gray
TX00000235,182227232388,6268,web,5,2,white
TX00000339,246607764753,170473,web,32,9,black
TX00000136,005800303776,3285,atm,1,1,white
TX00000192,866515395888,40848,atm,21,4,black
TX00000212,304439868987,2500,pos,2,2,gray
TX00000147,594004527618,137723,app,39,6,black
TX00000402,375620389321,76870,app,11,4,black
TX00000161,721868623735,3442,atm,1,1,gray
TX00000094,027439434240,2289,pos,2,2,white
TX00000010,684170449931,7433,web,4,1,white
TX00000377,239964342978,553,atm,5,2,gray
TX00000477,100612400785,62486,app,40,9,black
TX00000234,564915494048,91273,atm,38,6,black
TX00000373,093729631102,2888,pos,2,1,white
TX00000331,516342864277,4238,app,4,2,white
TX00000002,577874345658,4769,atm,1,1,gray
TX00000123,276342422849,289546,app,37,6,black
TX00000148,456144683752,5175,app,1,1,white
TX00000436,958652169701,2894,atm,3,1,white
TX00000311,827417635980,722,atm,3,1,gray
TX00000208,197232490578,1509,app,2,2,white
TX00000226,977904546333,6726,app,5,2,white
TX00000448,449535851954,4774,pos,2,2,white
TX00000289,409287517722,3493,atm,4,2,white
TX00000239,029658709575,4494,pos,5,1,gray
TX00000178,498281614977,785,web,3,1,white
TX00000104,908679339269,38,atm,2,1,gray
TX00000375,991869034971,440831,web,27,4,black
TX00000160,038851449961,3828,atm,2,1,white
TX00000312,701102155703,294471,web,11,3,black
TX00000271,142031762026,1147,app,1,2,white
TX00000247,607832315682,4024,app,1,1,white
TX00000118,345409286587,5349,atm,2,1,white
TX00000230,746385854929,418,pos,1,1,gray
TX00000218,719982691639,2889,atm,1,1,gray
TX00000327,822145743934,135619,atm,35,7,black
TX00000139,100363318937,6291,atm,1,1,white
TX00000097,199846288742,4055,app,4,1,white
TX00000371,632615689620,7456,app,5,1,gray
TX00000337,158391313101,689,web,2,2,white
TX00000008,174388159453,6533,atm,1,1,gray
TX00000153,767119430525,164093,pos,11,7,black
TX00000137,420994823659,2502,app,2,2,gray
TX00000462,173614027151,35404,app,28,3,black
TX00000320,062632822722,4510,atm,4,2,gray
TX00000325,178367816836,4836,atm,2,1,white
TX00000207,469771710162,100100,pos,8,3,black
TX00000484,436345893798,5157,pos,4,2,white
TX00000121,393787219926,3912,pos,5,2,white
TX00000046,350237997929,7739,web,3,1,white
TX00000497,493196206757,6869,app,1,1,gray
TX00000022,238368447772,1184,pos,5,1,white
TX00000408,686184015690,85349,web,28,4,black
TX00000414,024418770171,142993,pos,22,6,black
TX00000077,743265836447,7469,atm,3,2,gray
TX00000154,863287458352,4098,atm,4,1,white
TX00000326,608258332347,2873,app,5,2,gray
TX00000471,721823534657,228096,web,16,3,black
TX00000413,870700770860,4806,atm,2,2,gray
TX00000369,829934216696,176899,atm,19,7,black
TX00000251,118353047755,6314,web,1,2,gray
TX00000492,556982062214,291698,atm,18,5,black
TX00000216,830297461009,397052,web,10,4,black
TX00000026,181394717106,4246,atm,1,1,gray
TX00000282,787390282441,481706,pos,38,3,black
TX00000152,438046534898,6703,pos,1,1,gray
TX00000423,957247441993,318221,web,38,7,black
TX00000415,777700995905,836,pos,1,2,white
TX00000440,585543616814,2696,atm,1,1,gray
TX00000280,324566219891,7747,app,1,2,white
TX00000425,237861484987,6847,pos,3,1,gray
TX00000263,458919223907,7719,web,5,1,gray
TX00000330,026692866997,384011,pos,21,8,black
TX00000421,405542820936,1547,atm,4,2,white
TX00000177,981892304485,242829,app,9,3,black
TX00000120,344690136251,27651,web,19,7,black
TX00000058,821943710038,6250,atm,3,1,white
TX00000162,197449388396,261372,pos,10,5,black
TX00000381,485773806980,206977,atm,29,6,black
TX00000435,505811060944,492815,web,10,9,black
TX00000205,386681296062,559,app,1,2,white
TX00000225,829097621118,150402,app,37,9,black
TX00000127,952929495539,2734,web,4,1,white
TX00000392,532175624054,5703,app,2,1,gray
TX00000072,394509941381,180870,pos,9,4,black
TX00000456,653863569164,26209,atm,38,5,black
TX00000259,613292895658,1186,atm,1,1,white
TX00000403,856982820740,3206,app,5,2,white
TX00000355,938220033166,1196,app,2,2,white
TX00000460,729506223118,6940,atm,4,1,white
TX00000229,874555640212,1416,atm,1,2,white
TX00000213,753912046502,348811,web,31,8,black
TX00000061,557047610106,7831,web,1,2,white
TX00000286,723587344521,5027,pos,1,2,white
TX00000444,494221062913,359278,app,11,9,black
TX00000001,029260878057,4598,app,3,2,white
TX00000217,058065436332,5126,app,2,1,white
TX00000220,783394312125,6491,pos,1,2,white
TX00000475,241061016597,5163,app,4,1,white
TX00000349,775300901887,1938,web,3,1,white
TX00000182,859247229510,7178,pos,3,2,gray
TX00000030,682584641903,217185,web,21,4,black
TX00000321,697652291524,51372,web,16,7,black
TX00000287,302176972401,7679,atm,3,2,gray
TX00000109,136728093629,3556,web,2,2,white
TX00000110,092905935952,1793,atm,2,1,gray
TX00000175,975637828622,5470,web,3,2,white
TX00000066,823650965593,54584,atm,29,7,black
TX00000082,304307668449,883,atm,1,1,white
TX00000278,517610735207,919,web,5,1,gray
TX00000453,213857323569,202881,pos,28,4,black
TX00000130,644508630096,7515,app,4,1,white
TX00000242,776607164159,1489,pos,2,2,gray
TX00000401,265493151111,575,app,5,2,gray
TX00000304,567241328131,3319,atm,1,1,white
TX00000111,650585888755,31839,app,14,9,black
TX00000341,648835344434,2512,pos,1,2,gray
TX00000189,742563493141,234250,web,27,4,black
TX00000031,056659665924,6326,atm,5,1,white
TX00000324,367675733121,184223,atm,25,9,black
TX00000489,441048263504,259289,atm,23,5,black
TX00000302,215401803060,7643,pos,4,2,gray
TX00000364,739995408492,1021,pos,5,2,white
TX00000156,040686891465,266071,web,22,5,black
TX00000313,100136547361,4964,app,3,1,white
TX00000474,114991021532,76337,atm,17,3,black
TX00000184,040013834627,5616,web,1,2,white
TX00000432,787188978693,153208,app,40,5,black
TX00000173,429994865892,7121,pos,2,1,gray
TX00000219,829643235734,310475,pos,31,8,black
TX00000169,921969872888,4697,atm,3,1,white
TX00000345,359502952877,356829,atm,17,8,black
TX00000386,453342026787,5911,web,2,2,gray
TX00000093,298035720480,45593,atm,13,3,black
TX00000087,301424671265,289277,web,12,4,black
TX00000292,109743657218,6458,web,2,2,white
TX00000347,555018232779,6192,pos,3,2,gray
TX00000405,941218944716,369290,web,24,8,black
TX00000033,960955233525,464841,pos,40,5,black
TX00000164,770396460103,670,web,1,1,gray
TX00000353,510163748978,7945,web,2,2,gray
TX00000391,675581052906,4566,atm,3,1,white
TX00000417,227322199727,74135,pos,16,6,black
TX00000083,153759808582,2331,pos,2,2,gray
TX00000437,141675906111,5147,app,2,2,gray
TX00000209,080104205255,6021,app,1,2,gray
TX00000183,513186949102,96753,pos,26,8,black
TX00000157,649927325332,3808,web,1,2,white
TX00000003,477321436625,157339,web,14,7,black
TX00000308,164866382954,5102,pos,5,1,gray
TX00000404,709358802842,7501,web,5,1,gray
TX00000479,597651389148,4106,web,3,1,gray
TX00000133,996699601550,3982,pos,1,2,white
TX00000350,462679612473,3994,app,2,1,gray
TX00000167,804412380129,2622,app,5,1,gray
TX00000299,367813087196,484,app,5,2,gray
TX00000245,116890425146,5330,app,1,1,gray
TX00000429,971370785573,495032,app,17,9,black
TX00000065,191184777548,893,pos,3,1,gray
TX00000107,511886021191,1186,app,2,1,gray
TX00000151,080817075128,675,pos,3,1,white
TX00000060,515578473944,291713,web,37,8,black
TX00000062,624849256670,651,app,2,2,gray
TX00000487,946859610450,1024,pos,1,2,white
TX00000068,018988870156,5372,pos,3,1,gray
TX00000129,944024613153,42552,pos,19,8,black
TX00000215,686938809909,6748,atm,5,1,gray
TX00000418,056531764279,3596,pos,2,1,white
TX00000149,814789438505,7834,web,3,2,gray
TX00000420,951712015271,224564,pos,14,5,black
TX00000084,349508662514,412615,web,16,4,black
TX00000472,294692890367,6191,web,3,1,white
TX00000368,401892864060,1396,pos,2,2,gray
TX00000203,961431218877,2275,app,4,2,gray
TX00000221,448153467219,4474,atm,4,1,gray
TX00000096,662252194704,175465,web,11,8,black
TX00000050,086313553303,7613,web,3,1,gray
TX00000240,979640313572,190656,app,11,3,black
TX00000211,464464558052,2134,atm,1,1,white
TX00000406,445450547668,359,web,4,1,white
TX00000494,052273926131,6087,pos,1,2,gray
TX00000266,060445086488,5810,web,1,2,gray
TX00000028,920863352484,7856,atm,4,2,white
TX00000191,977976524498,6778,web,3,2,gray
TX00000490,084803500243,1232,pos,5,1,white
TX00000014,707424697700,5216,atm,1,2,gray
TX00000187,099965624785,3319,app,1,2,white
TX00000340,770280801691,4274,app,3,2,white
TX00000434,466763146841,3964,app,1,2,gray
TX00000476,829231741868,448,atm,5,1,gray
TX00000075,150970797778,169532,atm,11,4,black
TX00000419,691332807581,3322,web,2,2,gray
TX00000005,571139392628,1782,web,1,2,gray
TX00000274,170369864724,6670,web,2,1,white
TX00000106,076748869519,2821,pos,3,2,white
TX00000099,336089318218,253557,web,36,7,black
TX00000422,471291117794,4620,atm,5,2,gray
TX00000114,984676153183,272835,pos,19,8,black
TX00000343,922933301806,7338,pos,3,2,white
TX00000499,861713062156,4268,app,5,1,white
TX00000163,730424467083,7222,atm,4,1,white
TX00000447,660845798275,316111,app,25,8,black
TX00000351,899045077698,286650,web,16,6,black
TX00000195,934097646887,421077,web,19,6,black
TX00000069,768222084818,379652,atm,24,7,black
TX00000124,798116147283,4211,app,4,2,white
TX00000025,559903812233,3026,app,3,1,white
TX00000158,459458636176,6859,app,5,1,gray
TX00000260,983520330562,5131,pos,5,2,gray
TX00000200,007401450929,7524,web,2,2,gray
TX00000290,531094896719,5914,atm,4,2,gray
TX00000267,243850291811,56897,pos,40,8,black
TX00000155,079153083706,5369,atm,3,1,gray
TX00000383,135304663245,1828,pos,5,2,gray
TX00000023,493949481455,2664,web,3,2,gray
TX00000258,607842438476,459265,pos,35,8,black
TX00000233,223965171814,5546,app,1,2,gray
TX00000296,126777849719,4954,web,3,1,gray
TX00000037,158200311998,125,pos,4,2,white
TX00000410,102180475288,7634,app,2,1,gray
TX00000100,958841708711,4115,app,3,2,white
TX00000193,361253556480,4762,atm,2,1,white
TX00000358,971964001971,3904,atm,4,1,white
TX00000103,187609765422,1543,app,5,1,white
TX00000346,919357946677,2108,app,1,2,white
TX00000049,739028430208,547,web,2,1,white
TX00000007,763264574964,4565,web,3,2,white
TX00000101,953989236072,7098,pos,4,2,gray
TX00000079,755557109779,813,web,1,1,white
TX00000443,502980468656,5180,atm,3,1,gray
TX00000128,171193252565,1742,atm,2,1,gray
TX00000281,833715125144,5621,app,3,1,gray
TX00000305,264693993533,1305,web,1,2,gray
TX00000011,958564223725,7220,atm,1,2,gray
TX00000301,467015176196,7103,pos,2,1,white
TX00000091,790861244162,4645,web,4,1,white
TX00000334,953942283002,6485,atm,2,2,white
TX00000398,153857408692,4071,pos,4,1,gray
TX00000098,146437297871,3143,app,5,1,gray
TX00000354,635171784344,57571,atm,38,9,black
TX00000468,118657184709,89139,atm,13,8,black
TX00000067,300410285540,4766,atm,3,2,white
TX00000493,639382713533,7032,pos,5,2,white
TX00000000,042189984171,162991,atm,10,8,black
TX00000255,365802662196,334111,web,32,5,black
TX00000135,514487166705,348012,app,11,4,black
TX00000063,235193053274,290380,app,30,9,black
TX00000495,630332651804,353081,pos,29,7,black
TX00000166,597094746830,496,atm,2,1,white
TX00000249,945333326418,157000,pos,26,7,black
TX00000342,521224210043,458771,pos,38,5,black
TX00000461,247556698164,793,app,1,1,gray
TX00000034,051037515427,2689,pos,4,1,white
TX00000380,006381928134,3309,web,1,2,gray
TX00000272,361521092784,6401,web,3,2,gray
TX00000204,350572839526,252488,pos,11,3,black
TX00000143,905359839633,2064,web,5,1,gray
TX00000172,980292577543,4794,web,4,1,white
TX00000314,968622986776,3135,pos,2,2,gray
TX00000409,737156607213,2728,app,5,2,white
TX00000252,413922643929,346933,atm,30,7,black
TX00000076,824124908582,681,web,1,1,white
TX00000279,134545722570,90789,web,10,7,black
TX00000298,783639174396,5817,app,5,1,white
TX00000237,374757755649,94330,app,23,4,black
TX00000194,314124177579,3381,web,1,2,gray
TX00000293,667420655350,4259,web,5,1,gray
TX00000089,371138979128,5169,atm,4,1,gray
TX00000411,006029249956,302133,pos,30,7,black
TX00000360,878817782219,228712,web,23,6,black
TX00000424,944400533387,2311,app,1,2,white
TX00000257,317290957277,1886,pos,2,2,gray
TX00000367,764186874645,6668,pos,5,1,white
TX00000284,121037541374,5114,app,3,1,gray
TX00000070,877549690234,5009,atm,2,2,white
TX00000370,034854172218,6720,pos,4,1,white
TX00000498,368188017972,336420,web,14,8,black
TX00000138,508179447255,253120,web,33,7,black
TX00000384,168665454573,291953,app,34,5,black
TX00000021,045346929994,162284,web,26,7,black
TX00000491,998370195315,7285,web,2,1,gray
TX00000222,040071434018,294790,pos,15,6,black
TX00000261,777232032270,389712,app,19,7,black
TX00000277,468648877686,434,app,4,2,white
TX00000159,993943576509,487939,atm,28,4,black
TX00000045,128606069554,69751,web,35,6,black
TX00000206,940542473374,3638,atm,2,2,gray
TX00000433,848183026694,1202,pos,3,1,white
TX00000336,470402372564,416338,atm,8,3,black
TX00000223,137508991218,2702,app,4,2,white
TX00000379,855199784117,6175,web,2,1,white
TX00000316,561384579035,4510,pos,1,2,white
TX00000256,063215300751,2535,pos,3,2,white
TX00000416,508134914924,1276,web,1,2,gray
TX00000186,213246951534,392044,app,34,6,black
TX00000291,886881558762,56129,atm,23,5,black
TX00000454,297947817091,2714,web,2,1,white
TX00000047,043349902016,4029,atm,4,2,gray
TX00000090,787450278798,20029,app,30,3,black
TX00000073,337211236598,2516,web,1,1,white
TX00000115,108022513388,4824,atm,5,2,white
TX00000452,197872591734,1382,atm,4,1,gray
TX00000397,593182040970,3863,atm,3,1,white
TX00000053,456966661620,5420,web,4,1,gray
TX00000262,513714455766,4934,app,2,1,white
TX00000004,803683863127,1867,atm,2,2,white
TX00000174,715481176668,307796,web,37,7,black
TX00000374,138299375513,5516,web,3,1,gray
TX00000064,733312204406,5404,pos,2,2,white
TX00000482,614563215480,6467,app,5,1,gray
TX00000095,598088876585,757,web,1,1,gray
TX00000227,810824413451,6844,atm,2,1,gray
TX00000372,298269354234,358127,pos,23,7,black
TX00000426,532838875255,229421,app,37,8,black
TX00000102,051624111385,204339,web,21,5,black
TX00000449,173181225067,6718,web,2,2,gray
TX00000254,672776780280,450,web,1,2,gray
TX00000078,487321376259,111330,app,27,9,black
TX00000108,891058985534,441369,app,38,8,black
TX00000467,905388186163,2065,app,2,2,gray
TX00000270,820496045605,240165,pos,38,8,black
TX00000042,934383794311,33266,app,25,5,black
TX00000092,450538691082,7003,atm,4,1,gray
TX00000356,637063045965,6620,atm,2,1,gray
